fibrotic_average,healthy_lung_average,all_lung_average,not_lung_average,leuk_average,chr,start,X.Sample_geo_accession,gene_id,closest.SNP,SNP.allele.freq,gene_name,distance
0.410925,0.818325,0.614625,0.813721667,0.9052,16,87958407,cg04352288,NM_001739,rs571167697;rs113904153;rs77153199;rs575678175;rs536735414,"0.000200;0.022364;0.000200;0.000399;0.001398
",CA5A,0.113571608
0.465333333,0.85075,0.685571429,0.934460894,0.949275,10,133598638,cg19276014,,rs555701540;rs565724414;rs371343080;rs534853980;rs557928224;rs577693392;rs543489683;rs556747335;rs573325386;rs542171312,"0.003195;0.000200;0.003994;0.000200;0.003994;0.000200;0.000200;0.000200;0.000599;0.000200
",,0.154056468
0.278725,0.75615,0.5174375,0.929943514,0.9594125,1,1104366,cg23651812,NR_029957,rs138358853;rs183812340,"0.007388;0.000399
",MIR429,0.296859887